{
  "controller/App.controller.js": 1750925974770,
  "i18n/i18n.properties": 1750926002175,
  "controller/CustView.controller.js": 1751256170906,
  "model/models.js": 1750926005931,
  "manifest.json": 1751352932305,
  "Component.js": 1750925965306,
  "controller/CustView-dbg.controller.js": 1751256170906,
  "controller/CustView.controller.js.map": 1751352932445,
  "controller/App-dbg.controller.js": 1750925974770,
  "controller/App.controller.js.map": 1751352932436,
  "model/models-dbg.js": 1750926005931,
  "model/models.js.map": 1751352932436,
  "Component-dbg.js": 1750925965306,
  "Component.js.map": 1751352932432,
  "Component-preload.js": 1751352932508,
  "Component-preload.js.map": 1751352932508,
  "view/CustView.view.xml": 1750926016995,
  "view/App.view.xml": 1750926013039,
  "css/style.css": 1750925997826,
  "index.html": 1750925969246
}