{
  "Component.js": 1750925965306,
  "model/models.js": 1750926005931,
  "controller/CustView.controller.js": 1750925991174,
  "controller/App.controller.js": 1750925974770,
  "manifest.json": 1750927231217,
  "i18n/i18n.properties": 1750926002175,
  "Component-dbg.js": 1750925965306,
  "Component.js.map": 1750927231361,
  "controller/CustView-dbg.controller.js": 1750925991174,
  "controller/CustView.controller.js.map": 1750927231368,
  "controller/App-dbg.controller.js": 1750925974770,
  "controller/App.controller.js.map": 1750927231358,
  "model/models-dbg.js": 1750926005931,
  "model/models.js.map": 1750927231360,
  "Component-preload.js": 1750927231433,
  "Component-preload.js.map": 1750927231433,
  "view/CustView.view.xml": 1750926016995,
  "view/App.view.xml": 1750926013039,
  "css/style.css": 1750925997826,
  "index.html": 1750925969246
}